City,CityTier
"Abhayapuri, India",Tier 3 & Others
"Abohar, India",Tier 3 & Others
"Acharapakkam, India",Tier 3 & Others
"Addanki, India",Tier 3 & Others
"Adilabad, India",Tier 3 & Others
"Adipur, India",Tier 3 & Others
"Adirampattinam, India",Tier 3 & Others
"Adoni, India",Tier 3 & Others
"Adoor, India",Tier 3 & Others
"Adra, India",Tier 3 & Others
"Afzalgarh, India",Tier 3 & Others
"Afzalpur, India",Tier 3 & Others
"Agartala, India",Tier 3 & Others
"Agnoor, India",Tier 3 & Others
"Agra, India",Tier 1&2
"Ahmed Nagar, India",Tier 3 & Others
"Ahmedabad, India",Metro
"Aiho, India",Tier 3 & Others
"Ainapur, India",Tier 3 & Others
"Aizawl, India",Tier 3 & Others
"Aizwal, India",Tier 3 & Others
"Ajmer, India",Tier 1&2
"Ajnala, India",Tier 3 & Others
"Ajra, India",Tier 3 & Others
"Akbarpur, India",Tier 3 & Others
"Akividu, India",Tier 3 & Others
"Akkalkot, India",Tier 3 & Others
"Akluj, India",Tier 3 & Others
"Akoda, India",Tier 3 & Others
"Akola, India",Tier 3 & Others
"Akot, India",Tier 3 & Others
"Aland, India",Tier 3 & Others
"Alangudi, India",Tier 3 & Others
"Alangulam, India",Tier 3 & Others
"Alappuzha, India",Tier 3 & Others
"Alathur, India",Tier 3 & Others
"Aldona, India",Tier 3 & Others
"Alibag, India",Tier 3 & Others
"Aliganj, India",Tier 3 & Others
"Aligarh, India",Tier 1&2
"Alipore, India",Tier 3 & Others
"Alipurduar, India",Tier 3 & Others
"Allagadda, India",Tier 3 & Others
"Allahabad, India",Tier 1&2
"Alleppey, India",Tier 3 & Others
"Almora, India",Tier 3 & Others
"Alur, India",Tier 3 & Others
"Aluva, India",Tier 3 & Others
"Alwar, India",Tier 3 & Others
"Amadalavalasa, India",Tier 3 & Others
"Amalapuram, India",Tier 3 & Others
"Amalner, India",Tier 3 & Others
"Amarpur, India",Tier 3 & Others
"Ambad, India",Tier 3 & Others
"Ambah, India",Tier 3 & Others
"Ambajipeta, India",Tier 3 & Others
"Ambajogai, India",Tier 3 & Others
"Ambala City, India",Tier 3 & Others
"Ambala, India",Tier 3 & Others
"Ambalapuzha, India",Tier 3 & Others
"Ambasamudram, India",Tier 3 & Others
"Ambattur, India",Tier 3 & Others
"Ambedkar Nagar, India",Tier 3 & Others
"Ambegaon, India",Tier 3 & Others
"Ambernath, India",Tier 3 & Others
"Ambikapur, India",Tier 3 & Others
"Amer, India",Tier 1&2
"Amethi, India",Tier 3 & Others
"Amla, India",Tier 3 & Others
"Amloh, India",Tier 3 & Others
"Ammoor, India",Tier 3 & Others
"Amodpur, India",Tier 3 & Others
"Amraoti, India",Tier 3 & Others
"Amravati, India",Tier 1&2
"Amreli, India",Tier 3 & Others
"Amritsar, India",Tier 1&2
"Amroha, India",Tier 3 & Others
"Amtala, India",Tier 3 & Others
"Anakapalle, India",Tier 3 & Others
"Anand, India",Tier 3 & Others
"Anandpur Sahib, India",Tier 3 & Others
"Anantapur, India",Tier 3 & Others
"Anantnag, India",Tier 3 & Others
"Anaparthi, India",Tier 3 & Others
"Anchal, India",Tier 3 & Others
"Andal, India",Tier 3 & Others
"Angul, India",Tier 3 & Others
"Anjangaon, India",Tier 3 & Others
"Anjar, India",Tier 3 & Others
"Anjuna, India",Tier 3 & Others
"Ankleshwar, India",Tier 3 & Others
"Ankola, India",Tier 3 & Others
"Annavaram, India",Tier 3 & Others
"Annur, India",Tier 3 & Others
"Anthiyur, India",Tier 3 & Others
"Anugul, India",Tier 3 & Others
"Anuppur, India",Tier 3 & Others
"Apspqrs, India",Tier 3 & Others
"Arakkonam, India",Tier 3 & Others
"Arambagh, India",Tier 3 & Others
"Aranthangi, India",Tier 3 & Others
"Araria, India",Tier 3 & Others
"Aravakurichi, India",Tier 3 & Others
"Arcot, India",Tier 3 & Others
"Ariyalur, India",Tier 3 & Others
"Arkalgud, India",Tier 3 & Others
"Armapur, India",Tier 3 & Others
"Armoor, India",Tier 3 & Others
"Arni, India",Tier 3 & Others
"Aroor, India",Tier 3 & Others
"Arrah, India",Tier 3 & Others
"Arsikere, India",Tier 3 & Others
"Aruppukottai, India",Tier 3 & Others
"Asansol, India",Tier 1&2
"Ashok Nagar, India",Tier 3 & Others
"Ashoknagar, India",Tier 3 & Others
"Ashta, India",Tier 3 & Others
"Asifabad, India",Tier 3 & Others
"Assandh, India",Tier 3 & Others
"Astichak, India",Tier 3 & Others
"Aswapuram, India",Tier 3 & Others
"Athani, India",Tier 3 & Others
"Atmakur, India",Tier 3 & Others
"Atpadi, India",Tier 3 & Others
"Atrauli, India",Tier 3 & Others
"Attili, India",Tier 3 & Others
"Attingal, India",Tier 3 & Others
"Attur, India",Tier 3 & Others
"Aundha Nagnath, India",Tier 3 & Others
"Aundipatti, India",Tier 3 & Others
"Aurad, India",Tier 3 & Others
"Auraiya, India",Tier 3 & Others
"Aurangabad, India",Tier 1&2
"Ausa, India",Tier 3 & Others
"Avanigadda, India",Tier 3 & Others
"Azamgarh, India",Tier 3 & Others
"Babain, India",Tier 3 & Others
"Badami, India",Tier 3 & Others
"Badaun, India",Tier 3 & Others
"Baddi, India",Tier 3 & Others
"Badgam, India",Tier 3 & Others
"Badlapur, India",Tier 3 & Others
"Badnawar, India",Tier 3 & Others
"Badvel, India",Tier 3 & Others
"Bagaha, India",Tier 3 & Others
"Bagalkot, India",Tier 3 & Others
"Bagepalli, India",Tier 3 & Others
"Bageshwar, India",Tier 3 & Others
"Baghpat, India",Tier 3 & Others
"Bagnan, India",Tier 3 & Others
"Bagula, India",Tier 3 & Others
"Bahadurgarh, India",Tier 3 & Others
"Bahraich, India",Tier 3 & Others
"Bahula, India",Tier 3 & Others
"Baikunthpur, India",Tier 3 & Others
"Bailhongal, India",Tier 3 & Others
"Bajna, India",Tier 3 & Others
"Bakhtiarpur, India",Tier 3 & Others
"Balaghat, India",Tier 3 & Others
"Balasore, India",Tier 3 & Others
"Baleshwar, India",Tier 3 & Others
"Balichak, India",Tier 3 & Others
"Balijan, India",Tier 3 & Others
"Balijipeta, India",Tier 3 & Others
"Ballarpur, India",Tier 3 & Others
"Ballia, India",Tier 3 & Others
"Baloda Bazar, India",Tier 3 & Others
"Balotra, India",Tier 3 & Others
"Balugaon, India",Tier 3 & Others
"Balurghat, India",Tier 3 & Others
"Banaganapalle, India",Tier 3 & Others
"Banarhat, India",Tier 3 & Others
"Banda, India",Tier 3 & Others
"Bandel, India",Tier 3 & Others
"Banga, India",Tier 3 & Others
"Bangalore North, India",Metro
"Bangalore South, India",Metro
"Bangalore, India",Metro
"Bangarapet, India",Tier 3 & Others
"Banjar, India",Tier 3 & Others
"Banka, India",Tier 3 & Others
"Bankibheri, India",Tier 3 & Others
"Bankura, India",Tier 3 & Others
"Bansberia, India",Tier 3 & Others
"Bansdih, India",Tier 3 & Others
"Bansi, India",Tier 3 & Others
"Banswara, India",Tier 3 & Others
"Bantumilli, India",Tier 3 & Others
"Bantval, India",Tier 3 & Others
"Bantwal, India",Tier 3 & Others
"Banur, India",Tier 3 & Others
"Bapatla, India",Tier 3 & Others
"Barabanki, India",Tier 3 & Others
"Barahiya, India",Tier 3 & Others
"Baramati, India",Tier 3 & Others
"Baramulla, India",Tier 3 & Others
"Baran, India",Tier 3 & Others
"Barasat, India",Tier 3 & Others
"Barauni, India",Tier 3 & Others
"Baraut, India",Tier 3 & Others
"Barbil, India",Tier 3 & Others
"Bardez, India",Tier 3 & Others
"Bardhaman, India",Tier 3 & Others
"Bardoli, India",Tier 3 & Others
"Bareilly, India",Tier 1&2
"Bargarh, India",Tier 3 & Others
"Barh, India",Tier 3 & Others
"Barhalganj, India",Tier 3 & Others
"Baripada, India",Tier 3 & Others
"Baripara, India",Tier 3 & Others
"Barjora, India",Tier 3 & Others
"Barkhera, India",Tier 3 & Others
"Barmer, India",Tier 3 & Others
"Barnala, India",Tier 3 & Others
"Baroda, India",Tier 1&2
"Barpeta Road, India",Tier 3 & Others
"Barpeta, India",Tier 3 & Others
"Barshi, India",Tier 3 & Others
"Barwala, India",Tier 3 & Others
"Barwani, India",Tier 3 & Others
"Basar, India",Tier 3 & Others
"Basavakalyan, India",Tier 3 & Others
"Basavana Bagevadi, India",Tier 3 & Others
"Basirhat, India",Tier 3 & Others
"Basmath, India",Tier 3 & Others
"Basti, India",Tier 3 & Others
"Batala, India",Tier 3 & Others
"Bathinda, India",Tier 3 & Others
"Bavla, India",Tier 3 & Others
"Bawal, India",Tier 3 & Others
"Bazpur, India",Tier 3 & Others
"Beawar, India",Tier 3 & Others
"Beed, India",Tier 3 & Others
"Begusarai, India",Tier 3 & Others
"Behror, India",Tier 3 & Others
"Belda, India",Tier 3 & Others
"Beldanga, India",Tier 3 & Others
"Belgaum, India",Tier 1&2
"Beliatore, India",Tier 3 & Others
"Bellampalli, India",Tier 3 & Others
"Bellary, India",Tier 3 & Others
"Belman, India",Tier 3 & Others
"Belonia, India",Tier 3 & Others
"Belpahar, India",Tier 3 & Others
"Belthangady, India",Tier 3 & Others
"Belur, India",Tier 3 & Others
"Berhampore, India",Tier 3 & Others
"Berhampur, India",Tier 3 & Others
"Betamcharla, India",Tier 3 & Others
"Bethuadahari, India",Tier 3 & Others
"Betia, India",Tier 3 & Others
"Bettiah, India",Tier 3 & Others
"Betul, India",Tier 3 & Others
"Bewar, India",Tier 3 & Others
"Bhabua, India",Tier 3 & Others
"Bhachau, India",Tier 3 & Others
"Bhadaur, India",Tier 3 & Others
"Bhadohi, India",Tier 3 & Others
"Bhadrachalam, India",Tier 3 & Others
"Bhadrak, India",Tier 3 & Others
"Bhadravati, India",Tier 3 & Others
"Bhadrawati, India",Tier 3 & Others
"Bhadreswar, India",Tier 3 & Others
"Bhagalpur, India",Tier 3 & Others
"Bhainsa, India",Tier 3 & Others
"Bhalki, India",Tier 3 & Others
"Bhamani Mandal, India",Tier 3 & Others
"Bhandara, India",Tier 3 & Others
"Bharatganj, India",Tier 3 & Others
"Bharatpur, India",Tier 3 & Others
"Bharuch, India",Tier 3 & Others
"Bhatapara, India",Tier 3 & Others
"Bhatinda, India",Tier 3 & Others
"Bhatkal, India",Tier 3 & Others
"Bhatpachlana, India",Tier 3 & Others
"Bhatpara, India",Tier 3 & Others
"Bhavani, India",Tier 3 & Others
"Bhavnagar, India",Tier 1&2
"Bhawanipatna, India",Tier 3 & Others
"Bhilad, India",Tier 3 & Others
"Bhilwara, India",Tier 3 & Others
"Bhimadole, India",Tier 3 & Others
"Bhimavaram, India",Tier 3 & Others
"Bhind, India",Tier 3 & Others
"Bhinmal, India",Tier 3 & Others
"Bhiwadi, India",Tier 3 & Others
"Bhiwandi, India",Tier 1&2
"Bhiwani, India",Tier 3 & Others
"Bhokardan, India",Tier 3 & Others
"Bhongir, India",Tier 3 & Others
"Bhopal, India",Tier 1&2
"Bhor, India",Tier 3 & Others
"Bhubaneswar, India",Tier 1&2
"Bhuj, India",Tier 3 & Others
"Bhupalapalli, India",Tier 3 & Others
"Bhusawal, India",Tier 3 & Others
"Biaora, India",Tier 3 & Others
"Bicholim, India",Tier 3 & Others
"Bidar, India",Tier 3 & Others
"Bihar Sharif, India",Tier 3 & Others
"Biharsharif, India",Tier 3 & Others
"Bijapur, India",Tier 3 & Others
"Bijnor, India",Tier 3 & Others
"Bijnore, India",Tier 3 & Others
"Bikaner, India",Tier 1&2
"Bikapur, India",Tier 3 & Others
"Bilaspur, India",Tier 1&2
"Bilgi, India",Tier 3 & Others
"Bilimora, India",Tier 3 & Others
"Biloi, India",Tier 3 & Others
"Bina, India",Tier 3 & Others
"Binnaguri, India",Tier 3 & Others
"Birbhum, India",Tier 1&2
"Birlapur, India",Tier 3 & Others
"Birpara, India",Tier 3 & Others
"Birpur, India",Tier 3 & Others
"Bisauli, India",Tier 3 & Others
"Bishnupur, India",Tier 3 & Others
"Biswanath Chariali, India",Tier 3 & Others
"Bobbili, India",Tier 3 & Others
"Boda, India",Tier 3 & Others
"Bodeli, India",Tier 3 & Others
"Bodhan, India",Tier 3 & Others
"Bodinayakanur, India",Tier 3 & Others
"Bodwad, India",Tier 3 & Others
"Bokajan, India",Tier 3 & Others
"Bokakhat, India",Tier 3 & Others
"Bokaro, India",Tier 1&2
"Bolangir, India",Tier 3 & Others
"Bolpur, India",Tier 3 & Others
"Bomdila, India",Tier 3 & Others
"Bommanahal, India",Tier 3 & Others
"Bondapalli, India",Tier 3 & Others
"Bongaigaon, India",Tier 3 & Others
"Bongaon, India",Tier 3 & Others
"Borsad, India",Tier 3 & Others
"Botad, India",Tier 3 & Others
"Brajarajnagar, India",Tier 3 & Others
"Bramhapuri, India",Tier 3 & Others
"Budhana, India",Tier 3 & Others
"Budni, India",Tier 3 & Others
"Bulandshahr, India",Tier 3 & Others
"Buldhana, India",Tier 3 & Others
"Bundi, India",Tier 3 & Others
"Burdwan, India",Tier 3 & Others
"Burhanpur, India",Tier 3 & Others
"Burla, India",Tier 3 & Others
"Buttayagudem Mandalam, India",Tier 3 & Others
"Buxar, India",Tier 3 & Others
"Buxwaha, India",Tier 3 & Others
"Byadgi, India",Tier 3 & Others
"Cachar, India",Tier 3 & Others
"Calangute, India",Tier 3 & Others
"Canacona, India",Tier 3 & Others
"Candolim, India",Tier 3 & Others
"Cannanore, India",Tier 3 & Others
"Chabua, India",Tier 3 & Others
"Chacauda, India",Tier 3 & Others
"Chaibasa, India",Tier 3 & Others
"Chakdah, India",Tier 3 & Others
"Chakia, India",Tier 3 & Others
"Chakradharpur, India",Tier 3 & Others
"Chalakudy, India",Tier 3 & Others
"Chalisgaon, India",Tier 3 & Others
"Challakere, India",Tier 3 & Others
"Challapalli, India",Tier 3 & Others
"Chalthan, India",Tier 3 & Others
"Chamarajanagar, India",Tier 3 & Others
"Chamarajanagara, India",Tier 3 & Others
"Chamba, India",Tier 3 & Others
"Chamoli, India",Tier 3 & Others
"Chamorhsi, India",Tier 3 & Others
"Champa, India",Tier 3 & Others
"Chanchal, India",Tier 3 & Others
"Chandannagar, India",Tier 3 & Others
"Chandauli, India",Tier 3 & Others
"Chandigarh, India",Tier 1&2
"Chandil, India",Tier 3 & Others
"Chandrapur, India",Tier 3 & Others
"Chandrapura, India",Tier 3 & Others
"Changanacherry, India",Tier 3 & Others
"Changanassery, India",Tier 3 & Others
"Channagiri, India",Tier 3 & Others
"Channarayapatna, India",Tier 3 & Others
"Chapra, India",Tier 3 & Others
"Charkhi Dadri, India",Tier 3 & Others
"Chas, India",Tier 3 & Others
"Chatra, India",Tier 3 & Others
"Chatrapur, India",Tier 3 & Others
"Chauntra, India",Tier 3 & Others
"Chavakkad, India",Tier 3 & Others
"Chengalpattu, India",Tier 3 & Others
"Chengam, India",Tier 3 & Others
"Chengannur, India",Tier 3 & Others
"Chennai, India",Metro
"Chennur, India",Tier 3 & Others
"Cherthala, India",Tier 3 & Others
"Cheyyar, India",Tier 3 & Others
"Chharrah, India",Tier 3 & Others
"Chhatarpur, India",Tier 3 & Others
"Chhindwara, India",Tier 3 & Others
"Chicalim, India",Tier 3 & Others
"Chickballapur, India",Tier 3 & Others
"Chidambaram, India",Tier 3 & Others
"Chik Ballapur, India",Tier 3 & Others
"Chikamaglur, India",Tier 3 & Others
"Chikhaldara, India",Tier 3 & Others
"Chikhli, India",Tier 3 & Others
"Chikmagalur, India",Tier 3 & Others
"Chiknayakanhalli, India",Tier 3 & Others
"Chikodi, India",Tier 3 & Others
"Chilakaluripet, India",Tier 3 & Others
"Chincholi, India",Tier 3 & Others
"Chinnamanur, India",Tier 3 & Others
"Chinsurah, India",Tier 3 & Others
"Chintalapudi, India",Tier 3 & Others
"Chintamani, India",Tier 3 & Others
"Chiplun, India",Tier 3 & Others
"Chirala, India",Tier 3 & Others
"Chirawa, India",Tier 3 & Others
"Chitapur, India",Tier 3 & Others
"Chitradurga, India",Tier 3 & Others
"Chittaranjan, India",Tier 3 & Others
"Chittoor, India",Tier 3 & Others
"Chittorgarh, India",Tier 3 & Others
"Chittur, India",Tier 3 & Others
"Chopan, India",Tier 3 & Others
"Chorvad, India",Tier 3 & Others
"Choutuppal, India",Tier 3 & Others
"Churu, India",Tier 3 & Others
"Cochin, India",Tier 1&2
"Coimbatore, India",Tier 1&2
"Collem, India",Tier 3 & Others
"Colonelganj, India",Tier 3 & Others
"Colvale, India",Tier 3 & Others
"Contai, India",Tier 3 & Others
"Cooch Behar, India",Tier 3 & Others
"Coonoor, India",Tier 3 & Others
"Cortalim, India",Tier 3 & Others
"Cuddalore, India",Tier 3 & Others
"Cuddapah, India",Tier 3 & Others
"Cumbum, India",Tier 3 & Others
"Curchorem, India",Tier 3 & Others
"Cuttack Sadar, India",Tier 1&2
"Cuttack, India",Tier 1&2
"Dabra, India",Tier 3 & Others
"Dachepalle, India",Tier 3 & Others
"Dadra, India",Tier 3 & Others
"Dadri, India",Tier 3 & Others
"Dahanu, India",Tier 3 & Others
"Dahod, India",Tier 3 & Others
"Dainhat, India",Tier 3 & Others
"Dakshina Kannada, India",Tier 3 & Others
"Daltonganj, India",Tier 3 & Others
"Daman, India",Tier 3 & Others
"Damanjodi, India",Tier 3 & Others
"Dammapeta, India",Tier 3 & Others
"Damoh, India",Tier 3 & Others
"Dangeru, India",Tier 3 & Others
"Dankaur, India",Tier 3 & Others
"Dankuni, India",Tier 3 & Others
"Dantewada, India",Tier 3 & Others
"Dapoli, India",Tier 3 & Others
"Darbhanga, India",Tier 3 & Others
"Darjeeling, India",Tier 3 & Others
"Darjiling, India",Tier 3 & Others
"Darsi, India",Tier 3 & Others
"Darwha, India",Tier 3 & Others
"Dasuya, India",Tier 3 & Others
"Datia, India",Tier 3 & Others
"Daund, India",Tier 3 & Others
"Dausa, India",Tier 3 & Others
"Davanagere, India",Tier 3 & Others
"Davangere, India",Tier 3 & Others
"Deesa, India",Tier 3 & Others
"Dehradun, India",Tier 1&2
"Dehri On Sone, India",Tier 3 & Others
"Dekargaon, India",Tier 3 & Others
"Denduluru, India",Tier 3 & Others
"Denkanikotta, India",Tier 3 & Others
"Deodurga, India",Tier 3 & Others
"Deoghar, India",Tier 3 & Others
"Deoli, India",Tier 3 & Others
"Deoria, India",Tier 3 & Others
"Depalpur, India",Tier 3 & Others
"Derabassi, India",Tier 3 & Others
"Devadurga, India",Tier 3 & Others
"Devakottai, India",Tier 3 & Others
"Devarakonda, India",Tier 3 & Others
"Devarapalli, India",Tier 3 & Others
"Devgad, India",Tier 3 & Others
"Dewa, India",Tier 3 & Others
"Dewas, India",Tier 3 & Others
"Dhaka, India",Tier 3 & Others
"Dhampur, India",Tier 3 & Others
"Dhamtari, India",Tier 3 & Others
"Dhanbad, India",Tier 1&2
"Dhandhuka, India",Tier 3 & Others
"Dhanera, India",Tier 3 & Others
"Dhankauda, India",Tier 3 & Others
"Dhar, India",Tier 3 & Others
"Dharamasala, India",Tier 3 & Others
"Dharampur, India",Tier 3 & Others
"Dharangaon, India",Tier 3 & Others
"Dharapuram, India",Tier 3 & Others
"Dharmabad, India",Tier 3 & Others
"Dharmanagar, India",Tier 3 & Others
"Dharmapuri, India",Tier 3 & Others
"Dharmavaram, India",Tier 3 & Others
"Dharni, India",Tier 3 & Others
"Dharuhera, India",Tier 3 & Others
"Dharwad, India",Tier 1&2
"Dharwar, India",Tier 1&2
"Dhatrigram, India",Tier 3 & Others
"Dhekiajuli, India",Tier 3 & Others
"Dhemaji, India",Tier 3 & Others
"Dhenkanal, India",Tier 3 & Others
"Dholka, India",Tier 3 & Others
"Dholpur, India",Tier 3 & Others
"Dhone, India",Tier 3 & Others
"Dhrangadhra, India",Tier 3 & Others
"Dhubri, India",Tier 3 & Others
"Dhule, India",Tier 3 & Others
"Dhuliyan, India",Tier 3 & Others
"Dhupguri, India",Tier 3 & Others
"Dhuri, India",Tier 3 & Others
"Diamond Harbour, India",Tier 3 & Others
"Dibrugarh, India",Tier 3 & Others
"Didwana, India",Tier 3 & Others
"Digapahandi, India",Tier 3 & Others
"Digboi, India",Tier 3 & Others
"Dighwara, India",Tier 3 & Others
"Digras, India",Tier 3 & Others
"Dimapur, India",Tier 3 & Others
"Dina Nagar, India",Tier 3 & Others
"Dindigul, India",Tier 3 & Others
"Dindori, India",Tier 3 & Others
"Dinhata, India",Tier 3 & Others
"Diphu, India",Tier 3 & Others
"Diu, India",Tier 3 & Others
"Dodamarg, India",Tier 3 & Others
"Dohad, India",Tier 3 & Others
"Doimukh, India",Tier 3 & Others
"Doiwala, India",Tier 3 & Others
"Dona Paula, India",Tier 3 & Others
"Doom Dooma, India",Tier 3 & Others
"Draksharamam, India",Tier 3 & Others
"Duliajan, India",Tier 3 & Others
"Dumka, India",Tier 3 & Others
"Dungarpur, India",Tier 3 & Others
"Durg, India",Tier 1&2
"Durgapur Mc, India",Tier 1&2
"Durgapur, India",Tier 1&2
"Duttapukur, India",Tier 3 & Others
"Dwarapudi, India",Tier 3 & Others
"Dwarka, India",Tier 3 & Others
"East Godavari, India",Tier 3 & Others
"Edappal, India",Tier 3 & Others
"Egra, India",Tier 3 & Others
"Ekambara Kuppam, India",Tier 3 & Others
"Eluru, India",Tier 3 & Others
"English Bazar, India",Tier 3 & Others
"Erandol, India",Tier 3 & Others
"Erattupetta, India",Tier 3 & Others
"Ernad, India",Tier 3 & Others
"Ernakulam, India",Tier 1&2
"Erode, India",Tier 1&2
"Err:512, India",Tier 3 & Others
"Etah, India",Tier 3 & Others
"Etawah, India",Tier 3 & Others
"Ettapalli, India",Tier 3 & Others
"Etwah, India",Tier 3 & Others
"Ezhukone, India",Tier 3 & Others
"Faizabad, India",Tier 3 & Others
"Faizpur, India",Tier 3 & Others
"Falakata, India",Tier 3 & Others
"Farakka, India",Tier 3 & Others
"Faridabad, India",Metro
"Faridkot, India",Tier 3 & Others
"Faridpur, India",Tier 3 & Others
"Farrukhabad, India",Tier 3 & Others
"Fatehabad, India",Tier 3 & Others
"Fatehgarh Sahib, India",Tier 3 & Others
"Fatehgarhchurian, India",Tier 3 & Others
"Fatehpur Sikri, India",Tier 3 & Others
"Fatehpur, India",Tier 3 & Others
"Fazilka, India",Tier 3 & Others
"Ferozepur Jhirka, India",Tier 3 & Others
"Ferozepur, India",Tier 3 & Others
"Firozabad, India",Tier 1&2
"Firozpur, India",Tier 3 & Others
"Gadag, India",Tier 3 & Others
"Gadarwara, India",Tier 3 & Others
"Gadchiroli, India",Tier 3 & Others
"Gadhinglaj, India",Tier 3 & Others
"Gadwal, India",Tier 3 & Others
"Gagret, India",Tier 3 & Others
"Gairkata, India",Tier 3 & Others
"Gajapathinagaram, India",Tier 3 & Others
"Gajraula, India",Tier 3 & Others
"Gajsinghpur, India",Tier 3 & Others
"Ganapavaram, India",Tier 3 & Others
"Ganderbal, India",Tier 3 & Others
"Gandhidham, India",Tier 3 & Others
"Gandhinagar, India",Tier 1&2
"Gangakhed, India",Tier 3 & Others
"Ganganagar, India",Tier 3 & Others
"Gangapur City, India",Tier 3 & Others
"Gangapur, India",Tier 3 & Others
"Gangarampur, India",Tier 3 & Others
"Gangavalli, India",Tier 3 & Others
"Gangavathi, India",Tier 3 & Others
"Gangawati, India",Tier 3 & Others
"Gangtok, India",Tier 3 & Others
"Ganj Basoda, India",Tier 3 & Others
"Ganjam, India",Tier 3 & Others
"Gannavaram, India",Tier 3 & Others
"Garhshankar, India",Tier 3 & Others
"Garhwa, India",Tier 3 & Others
"Garividi, India",Tier 3 & Others
"Garoth, India",Tier 3 & Others
"Gauribidanur, India",Tier 3 & Others
"Gautam Buddha Nagar, India",Metro
"Gaya, India",Tier 3 & Others
"Ghanaur, India",Tier 3 & Others
"Ghansawangi, India",Tier 3 & Others
"Gharghoda, India",Tier 3 & Others
"Ghatal, India",Tier 3 & Others
"Ghatshila, India",Tier 3 & Others
"Ghaziabad, India",Metro
"Ghazipur, India",Tier 3 & Others
"Ghoghardiha, India",Tier 3 & Others
"Ghoramari, India",Tier 3 & Others
"Ghorsala, India",Tier 3 & Others
"Ghosi, India",Tier 3 & Others
"Giddalur, India",Tier 3 & Others
"Gidderbaha, India",Tier 3 & Others
"Gingee, India",Tier 3 & Others
"Giridih, India",Tier 3 & Others
"Goalpara, India",Tier 3 & Others
"Gobichettipalayam, India",Tier 3 & Others
"Gobindpur, India",Tier 3 & Others
"Godavarikhani, India",Tier 3 & Others
"Godda, India",Tier 3 & Others
"Godhara, India",Tier 3 & Others
"Godhra, India",Tier 3 & Others
"Gogamukh, India",Tier 3 & Others
"Gohad, India",Tier 3 & Others
"Gohana, India",Tier 3 & Others
"Gohpur, India",Tier 3 & Others
"Gokak, India",Tier 3 & Others
"Gola Gokarannath, India",Tier 3 & Others
"Golaghat, India",Tier 3 & Others
"Gollaprolu, India",Tier 3 & Others
"Gonda, India",Tier 3 & Others
"Gondal, India",Tier 3 & Others
"Gondia, India",Tier 3 & Others
"Gooty, India",Tier 3 & Others
"Gopalganj, India",Tier 3 & Others
"Gorakhpur Sadar, India",Tier 1&2
"Gorakhpur, India",Tier 1&2
"Goraya, India",Tier 3 & Others
"Goregaon, India",Tier 3 & Others
"Gotanagar, India",Tier 3 & Others
"Greater Noida, India",Metro
"Gubbi, India",Tier 3 & Others
"Gudalur, India",Tier 3 & Others
"Gudibanda, India",Tier 3 & Others
"Gudivada, India",Tier 3 & Others
"Gudiyattam, India",Tier 3 & Others
"Gudur, India",Tier 3 & Others
"Guhagar, India",Tier 3 & Others
"Guhla, India",Tier 3 & Others
"Gulbarga, India",Tier 1&2
"Gumla, India",Tier 3 & Others
"Gummidipoondi, India",Tier 3 & Others
"Guna, India",Tier 3 & Others
"Gundlupet, India",Tier 3 & Others
"Guntakal, India",Tier 3 & Others
"Guntur, India",Tier 1&2
"Gunupur, India",Tier 3 & Others
"Gurazalla, India",Tier 3 & Others
"Gurdaspur, India",Tier 3 & Others
"Gurgaon, India",Metro
"Gursarai, India",Tier 3 & Others
"Guwahati, India",Tier 1&2
"Gwalior, India",Tier 1&2
"H D Kote, India",Tier 3 & Others
"Habra, India",Tier 3 & Others
"Hadgaon, India",Tier 3 & Others
"Haflong, India",Tier 3 & Others
"Hahidwar, India",Tier 3 & Others
"Hajipur, India",Tier 3 & Others
"Haldia, India",Tier 3 & Others
"Haldibari, India",Tier 3 & Others
"Haldwani, India",Tier 3 & Others
"Halisahar, India",Tier 3 & Others
"Halol, India",Tier 3 & Others
"Hamirpur, India",Tier 3 & Others
"Hangal, India",Tier 3 & Others
"Hansi, India",Tier 3 & Others
"Hanuman Junction, India",Tier 3 & Others
"Hanumangarh, India",Tier 3 & Others
"Hapur, India",Tier 3 & Others
"Harapanahalli, India",Tier 3 & Others
"Harda, India",Tier 3 & Others
"Hardoi, India",Tier 3 & Others
"Haridwar, India",Tier 1&2
"Harihar, India",Tier 3 & Others
"Hariharpur, India",Tier 3 & Others
"Harij, India",Tier 3 & Others
"Haripur, India",Tier 3 & Others
"Harraiya, India",Tier 3 & Others
"Harsud, India",Tier 3 & Others
"Harur, India",Tier 3 & Others
"Hasimara, India",Tier 3 & Others
"Hassan, India",Tier 3 & Others
"Hastinapur, India",Tier 3 & Others
"Hata, India",Tier 3 & Others
"Hathin, India",Tier 3 & Others
"Hathras, India",Tier 3 & Others
"Hatkanagale, India",Tier 3 & Others
"Haveli, India",Tier 3 & Others
"Haveri, India",Tier 3 & Others
"Hazaribagh, India",Tier 3 & Others
"Hazipur, India",Tier 3 & Others
"Hilsa, India",Tier 3 & Others
"Himatnagar, India",Tier 3 & Others
"Hindaun City, India",Tier 3 & Others
"Hindmotor, India",Tier 3 & Others
"Hindupur, India",Tier 3 & Others
"Hinganghat, India",Tier 3 & Others
"Hingna, India",Tier 3 & Others
"Hingoli, India",Tier 3 & Others
"Hirekerur, India",Tier 3 & Others
"Hiriyur, India",Tier 3 & Others
"Hisar, India",Tier 3 & Others
"Hissar, India",Tier 3 & Others
"Hodal, India",Tier 3 & Others
"Hojai, India",Tier 3 & Others
"Holalkere, India",Tier 3 & Others
"Hole Narsipur, India",Tier 3 & Others
"Honnali, India",Tier 3 & Others
"Honnavar, India",Tier 3 & Others
"Hooghly, India",Tier 3 & Others
"Hosadurga, India",Tier 3 & Others
"Hosanagar, India",Tier 3 & Others
"Hosanagara, India",Tier 3 & Others
"Hoshangabad, India",Tier 3 & Others
"Hoshiarpur, India",Tier 3 & Others
"Hoskote, India",Tier 3 & Others
"Hospet, India",Tier 3 & Others
"Hosur, India",Tier 3 & Others
"Howli, India",Tier 3 & Others
"Howrah, India",Metro
"Humnabad, India",Tier 3 & Others
"Hungund, India",Tier 3 & Others
"Hunsur, India",Tier 3 & Others
"Husnabad, India",Tier 3 & Others
"Huzur, India",Tier 3 & Others
"Huzurabad, India",Tier 3 & Others
"Huzurnagar, India",Tier 3 & Others
"Hyderabad, India",Metro
"Ibrahimpatnam, India",Tier 3 & Others
"Ichalkaranji, India",Tier 3 & Others
"Ichchapuram, India",Tier 3 & Others
"Idappadi, India",Tier 3 & Others
"Idukki, India",Tier 3 & Others
"Igatpuri, India",Tier 3 & Others
"Ilayangudi, India",Tier 3 & Others
"Imphal, India",Tier 3 & Others
"Indapur, India",Tier 3 & Others
"Indi, India",Tier 3 & Others
"Indore, India",Tier 1&2
"Islampur, India",Tier 3 & Others
"Itanagar, India",Tier 3 & Others
"Itarsi, India",Tier 3 & Others
"Jabalpur, India",Tier 1&2
"Jadcherla, India",Tier 3 & Others
"Jagalur, India",Tier 3 & Others
"Jagatsinghapur, India",Tier 3 & Others
"Jagdalpur, India",Tier 3 & Others
"Jaggampeta, India",Tier 3 & Others
"Jaggayyapet, India",Tier 3 & Others
"Jagiroad, India",Tier 3 & Others
"Jagtial, India",Tier 3 & Others
"Jahanabad, India",Tier 3 & Others
"Jaigaon, India",Tier 3 & Others
"Jaipur, India",Tier 1&2
"Jaisalmer, India",Tier 3 & Others
"Jaitu, India",Tier 3 & Others
"Jajpur Road, India",Tier 3 & Others
"Jajpur, India",Tier 3 & Others
"Jalalabad, India",Tier 3 & Others
"Jalandhar, India",Tier 1&2
"Jalaun, India",Tier 3 & Others
"Jalda, India",Tier 3 & Others
"Jalgaon, India",Tier 3 & Others
"Jalna, India",Tier 3 & Others
"Jalore, India",Tier 3 & Others
"Jalpaiguri, India",Tier 3 & Others
"Jam Jodhpur, India",Tier 3 & Others
"Jamalpur, India",Tier 3 & Others
"Jamkhandi, India",Tier 3 & Others
"Jamkhed, India",Tier 3 & Others
"Jammalamadugu, India",Tier 3 & Others
"Jammikunta, India",Tier 3 & Others
"Jammu, India",Tier 1&2
"Jamnagar, India",Tier 1&2
"Jamshedpur, India",Tier 1&2
"Jamtara, India",Tier 3 & Others
"Jamui, India",Tier 3 & Others
"Jangaon, India",Tier 3 & Others
"Jangareddygudem, India",Tier 3 & Others
"Jangipur, India",Tier 3 & Others
"Janjgir - Champa, India",Tier 3 & Others
"Jaora, India",Tier 3 & Others
"Jaridihbazar, India",Tier 3 & Others
"Jasidih, India",Tier 3 & Others
"Jat, India",Tier 3 & Others
"Jatni, India",Tier 3 & Others
"Jaunpur, India",Tier 3 & Others
"Jawhar, India",Tier 3 & Others
"Jaysingpur, India",Tier 3 & Others
"Jejuri, India",Tier 3 & Others
"Jetpur, India",Tier 3 & Others
"Jevargi, India",Tier 3 & Others
"Jeypore, India",Tier 3 & Others
"Jhabua, India",Tier 3 & Others
"Jhajjar, India",Tier 3 & Others
"Jhalawar, India",Tier 3 & Others
"Jhalda, India",Tier 3 & Others
"Jhanjharpur, India",Tier 3 & Others
"Jhansi, India",Tier 1&2
"Jhargram, India",Tier 3 & Others
"Jharia, India",Tier 3 & Others
"Jharsuguda, India",Tier 3 & Others
"Jhinjhak, India",Tier 3 & Others
"Jhujhunu, India",Tier 3 & Others
"Jhumri Telaiya, India",Tier 3 & Others
"Jind, India",Tier 3 & Others
"Jintur, India",Tier 3 & Others
"Jobner, India",Tier 3 & Others
"Joda, India",Tier 3 & Others
"Jodhpur, India",Tier 1&2
"Jogbani, India",Tier 3 & Others
"Joginder Nagar, India",Tier 3 & Others
"Jorethang, India",Tier 3 & Others
"Jorhat, India",Tier 3 & Others
"Jowai, India",Tier 3 & Others
"Julana, India",Tier 3 & Others
"Junagadh, India",Tier 3 & Others
"Junnar, India",Tier 3 & Others
"Jutogh, India",Tier 3 & Others
"Kadaladi, India",Tier 3 & Others
"Kadapa, India",Tier 3 & Others
"Kadathur, India",Tier 3 & Others
"Kadi, India",Tier 3 & Others
"Kadiri, India",Tier 3 & Others
"Kadur, India",Tier 3 & Others
"Kagal, India",Tier 3 & Others
"Kahalgaon, India",Tier 3 & Others
"Kaikalur, India",Tier 3 & Others
"Kailashahar, India",Tier 3 & Others
"Kaimur, India",Tier 3 & Others
"Kaipamangalam, India",Tier 3 & Others
"Kairana, India",Tier 3 & Others
"Kaithal, India",Tier 3 & Others
"Kakdwip, India",Tier 3 & Others
"Kakinada, India",Tier 3 & Others
"Kalahandi, India",Tier 3 & Others
"Kalamb, India",Tier 3 & Others
"Kalanaur, India",Tier 3 & Others
"Kalanwali, India",Tier 3 & Others
"Kalavai, India",Tier 3 & Others
"Kalghatgi, India",Tier 3 & Others
"Kalimpong, India",Tier 3 & Others
"Kaliyaganj, India",Tier 3 & Others
"Kalka, India",Tier 3 & Others
"Kalkulam, India",Tier 3 & Others
"Kallakurichi, India",Tier 3 & Others
"Kallur, India",Tier 3 & Others
"Kalmeshwar, India",Tier 3 & Others
"Kalna, India",Tier 3 & Others
"Kalol, India",Tier 3 & Others
"Kalpakkam, India",Tier 3 & Others
"Kalpetta, India",Tier 3 & Others
"Kalwakurthy, India",Tier 3 & Others
"Kalyan, India",Metro
"Kalyandurg, India",Tier 3 & Others
"Kalyani, India",Tier 3 & Others
"Kamalganj, India",Tier 3 & Others
"Kamareddy, India",Tier 3 & Others
"Kamavarapukota, India",Tier 3 & Others
"Kambainallur, India",Tier 3 & Others
"Kamthi, India",Tier 3 & Others
"Kamuthi, India",Tier 3 & Others
"Kanchipuram, India",Tier 3 & Others
"Kanchrapara, India",Tier 3 & Others
"Kandahr, India",Tier 3 & Others
"Kandi, India",Tier 3 & Others
"Kandra, India",Tier 3 & Others
"Kandukur, India",Tier 3 & Others
"Kangayam, India",Tier 3 & Others
"Kangayampalayam, India",Tier 3 & Others
"Kangra, India",Tier 3 & Others
"Kanigiri, India",Tier 3 & Others
"Kanina, India",Tier 3 & Others
"Kanjikoil, India",Tier 3 & Others
"Kanjirappally, India",Tier 3 & Others
"Kankavli, India",Tier 3 & Others
"Kanker, India",Tier 3 & Others
"Kankinara, India",Tier 3 & Others
"Kannad, India",Tier 3 & Others
"Kannadiparamba, India",Tier 3 & Others
"Kannauj, India",Tier 3 & Others
"Kannur, India",Tier 1&2
"Kanodar, India",Tier 3 & Others
"Kanpur Dehat, India",Tier 3 & Others
"Kanpur Nagar, India",Tier 1&2
"Kanpur, India",Tier 1&2
"Kantabanji, India",Tier 3 & Others
"Kanth, India",Tier 3 & Others
"Kanuru, India",Tier 3 & Others
"Kanyakumari, India",Tier 3 & Others
"Kapadwanj, India",Tier 3 & Others
"Kapurthala, India",Tier 3 & Others
"Karad, India",Tier 3 & Others
"Karaikal, India",Tier 3 & Others
"Karaikudi, India",Tier 3 & Others
"Karamadai, India",Tier 3 & Others
"Karanja, India",Tier 3 & Others
"Karanjia, India",Tier 3 & Others
"Karauli, India",Tier 3 & Others
"Karbi Anglong, India",Tier 3 & Others
"Kareli, India",Tier 3 & Others
"Karhal, India",Tier 3 & Others
"Kariapatti, India",Tier 3 & Others
"Karimganj, India",Tier 3 & Others
"Karimnagar, India",Tier 3 & Others
"Karjat, India",Tier 3 & Others
"Karkala, India",Tier 3 & Others
"Karnal, India",Tier 3 & Others
"Karthikappally, India",Tier 3 & Others
"Karunagappally, India",Tier 3 & Others
"Karur, India",Tier 3 & Others
"Karveer, India",Tier 3 & Others
"Karvetinagar, India",Tier 3 & Others
"Karwar, India",Tier 3 & Others
"Kasaragod, India",Tier 3 & Others
"Kasargod, India",Tier 3 & Others
"Kasargode, India",Tier 3 & Others
"Kasganj, India",Tier 3 & Others
"Kashipur, India",Tier 3 & Others
"Kasibugga, India",Tier 3 & Others
"Katghora, India",Tier 3 & Others
"Kathua, India",Tier 3 & Others
"Katihar, India",Tier 3 & Others
"Katni, India",Tier 3 & Others
"Katol, India",Tier 3 & Others
"Katpadi, India",Tier 3 & Others
"Katra, India",Tier 3 & Others
"Kattumannarkoil, India",Tier 3 & Others
"Katwa, India",Tier 3 & Others
"Kavali, India",Tier 3 & Others
"Kaveripakkam, India",Tier 3 & Others
"Kayamkulam, India",Tier 3 & Others
"Kedla, India",Tier 3 & Others
"Kekri, India",Tier 3 & Others
"Kendrapara, India",Tier 3 & Others
"Kendujhar, India",Tier 3 & Others
"Kerur, India",Tier 3 & Others
"Keshod, India",Tier 3 & Others
"Khagaria, India",Tier 3 & Others
"Khairagarh, India",Tier 3 & Others
"Khalapur, India",Tier 3 & Others
"Khalilabad, India",Tier 3 & Others
"Khambhalia, India",Tier 3 & Others
"Khambhat, India",Tier 3 & Others
"Khamgaon, India",Tier 3 & Others
"Khammam, India",Tier 3 & Others
"Khanapur, India",Tier 3 & Others
"Khandala, India",Tier 3 & Others
"Khandwa, India",Tier 3 & Others
"Khanna, India",Tier 3 & Others
"Khapa, India",Tier 3 & Others
"Kharagpur, India",Tier 3 & Others
"Kharar, India",Tier 3 & Others
"Khargone, India",Tier 3 & Others
"Kharsia, India",Tier 3 & Others
"Khatauli, India",Tier 3 & Others
"Khatra, India",Tier 3 & Others
"Khed, India",Tier 3 & Others
"Khedbrahma, India",Tier 3 & Others
"Kheralu, India",Tier 3 & Others
"Kheri, India",Tier 3 & Others
"Kherli, India",Tier 3 & Others
"Khonsa, India",Tier 3 & Others
"Khopoli, India",Tier 3 & Others
"Khuldabad, India",Tier 3 & Others
"Khurja, India",Tier 3 & Others
"Kichha, India",Tier 3 & Others
"Kilvelur, India",Tier 3 & Others
"Kinathukadavu, India",Tier 3 & Others
"Kinwat, India",Tier 3 & Others
"Kirloskarwadi, India",Tier 3 & Others
"Kishanganj, India",Tier 3 & Others
"Kishangarh, India",Tier 3 & Others
"Koch Bihar, India",Tier 3 & Others
"Kochi, India",Tier 1&2
"Kodad, India",Tier 3 & Others
"Kodagu, India",Tier 3 & Others
"Kodaikanal, India",Tier 3 & Others
"Kodala, India",Tier 3 & Others
"Kodavasal, India",Tier 3 & Others
"Kodumudi, India",Tier 3 & Others
"Kodungallur, India",Tier 3 & Others
"Kodur, India",Tier 3 & Others
"Koduru, India",Tier 3 & Others
"Kohima, India",Tier 3 & Others
"Koilkuntla, India",Tier 3 & Others
"Kokrajhar, India",Tier 3 & Others
"Kolaghat, India",Tier 3 & Others
"Kolar Gold Fields, India",Tier 3 & Others
"Kolar, India",Tier 3 & Others
"Kolathupalayam, India",Tier 3 & Others
"Kolhapur, India",Tier 1&2
"Kolkata, India",Metro
"Kolkatta, India",Metro
"Kollam, India",Tier 1&2
"Kollegal, India",Tier 3 & Others
"Komarapalayam, India",Tier 3 & Others
"Konark, India",Tier 3 & Others
"Kondagaon, India",Tier 3 & Others
"Konnagar, India",Tier 3 & Others
"Kopargaon, India",Tier 3 & Others
"Koppa, India",Tier 3 & Others
"Koppal, India",Tier 3 & Others
"Koraput, India",Tier 3 & Others
"Koratagere, India",Tier 3 & Others
"Korba, India",Tier 3 & Others
"Kordha, India",Tier 3 & Others
"Koregaon, India",Tier 3 & Others
"Korutla, India",Tier 3 & Others
"Kosamba, India",Tier 3 & Others
"Kota, India",Tier 1&2
"Kotdwara, India",Tier 3 & Others
"Kothagudem, India",Tier 3 & Others
"Kothakota, India",Tier 3 & Others
"Kothamangalam, India",Tier 3 & Others
"Kothapeta, India",Tier 3 & Others
"Kothavalasa, India",Tier 3 & Others
"Kotma, India",Tier 3 & Others
"Kotputli, India",Tier 3 & Others
"Kottakuppam, India",Tier 3 & Others
"Kottarakkara, India",Tier 3 & Others
"Kottaram, India",Tier 3 & Others
"Kottayam, India",Tier 3 & Others
"Kovilpatti, India",Tier 3 & Others
"Kovvur, India",Tier 3 & Others
"Kozhencherry, India",Tier 3 & Others
"Kozhikode, India",Tier 1&2
"Krishna, India",Tier 3 & Others
"Krishnagar, India",Tier 3 & Others
"Krishnagiri, India",Tier 3 & Others
"Krishnanagar, India",Tier 3 & Others
"Kuchaman City, India",Tier 3 & Others
"Kudal, India",Tier 3 & Others
"Kujang, India",Tier 3 & Others
"Kuju, India",Tier 3 & Others
"Kukshi, India",Tier 3 & Others
"Kulgam, India",Tier 3 & Others
"Kullu, India",Tier 3 & Others
"Kulti, India",Tier 3 & Others
"Kumbakonam, India",Tier 3 & Others
"Kundal, India",Tier 3 & Others
"Kundapura, India",Tier 3 & Others
"Kundgol, India",Tier 3 & Others
"Kunigal, India",Tier 3 & Others
"Kunnamkulam, India",Tier 3 & Others
"Kunnathur, India",Tier 3 & Others
"Kuppam, India",Tier 3 & Others
"Kurali, India",Tier 3 & Others
"Kurara, India",Tier 3 & Others
"Kuravilangad, India",Tier 3 & Others
"Kurnool, India",Tier 3 & Others
"Kurukshetra, India",Tier 1&2
"Kushalnagar, India",Tier 3 & Others
"Kushinagar, India",Tier 3 & Others
"Kushtagi, India",Tier 3 & Others
"Kuttanad, India",Tier 3 & Others
"Kuttanadu, India",Tier 3 & Others
"Labbaikudikadu, India",Tier 3 & Others
"Ladwa, India",Tier 3 & Others
"Lakhanpur, India",Tier 3 & Others
"Lakheri, India",Tier 3 & Others
"Lakhimpur, India",Tier 3 & Others
"Lakhipur, India",Tier 3 & Others
"Lakhisarai, India",Tier 3 & Others
"Lakshmeshwar, India",Tier 3 & Others
"Lalbarra, India",Tier 3 & Others
"Lalganj, India",Tier 3 & Others
"Lalgudi, India",Tier 3 & Others
"Lalitpur, India",Tier 3 & Others
"Lalkuan, India",Tier 3 & Others
"Lalru, India",Tier 3 & Others
"Lalsot, India",Tier 3 & Others
"Lanka, India",Tier 3 & Others
"Latur, India",Tier 3 & Others
"Laundi, India",Tier 3 & Others
"Ledo, India",Tier 3 & Others
"Likabali, India",Tier 3 & Others
"Lingotam, India",Tier 3 & Others
"Lingsugur, India",Tier 3 & Others
"Loha, India",Tier 3 & Others
"Lohardaga, India",Tier 3 & Others
"Loharu, India",Tier 3 & Others
"Lonand, India",Tier 3 & Others
"Lonavala, India",Tier 3 & Others
"Longowal, India",Tier 3 & Others
"Loni, India",Tier 1&2
"Lucknow, India",Tier 1&2
"Ludhiana, India",Tier 1&2
"Lunawada, India",Tier 3 & Others
"Lunglei, India",Tier 3 & Others
"Luxettipet, India",Tier 3 & Others
"Macherla, India",Tier 3 & Others
"Machhiwara, India",Tier 3 & Others
"Machilipatnam, India",Tier 3 & Others
"Madakasira, India",Tier 3 & Others
"Madanapalle, India",Tier 3 & Others
"Madanpur, India",Tier 3 & Others
"Madathukulam, India",Tier 3 & Others
"Maddur, India",Tier 3 & Others
"Madhepura, India",Tier 3 & Others
"Madhira, India",Tier 3 & Others
"Madhubani, India",Tier 3 & Others
"Madhugiri, India",Tier 3 & Others
"Madhupur, India",Tier 3 & Others
"Madikeri, India",Tier 3 & Others
"Madurai, India",Tier 1&2
"Madurantakam, India",Tier 3 & Others
"Magadi, India",Tier 3 & Others
"Maghar, India",Tier 3 & Others
"Mahabub Nagar, India",Tier 3 & Others
"Mahabubabad, India",Tier 3 & Others
"Mahad, India",Tier 3 & Others
"Mahagam, India",Tier 3 & Others
"Mahagaon, India",Tier 3 & Others
"Mahasamund, India",Tier 3 & Others
"Mahboobnagar, India",Tier 3 & Others
"Mahe, India",Tier 3 & Others
"Mahelav, India",Tier 3 & Others
"Mahemdabad, India",Tier 3 & Others
"Mahendragarh, India",Tier 3 & Others
"Mahesana, India",Tier 3 & Others
"Mahilpur, India",Tier 3 & Others
"Mahoba, India",Tier 3 & Others
"Mahrajganj, India",Tier 3 & Others
"Mahu Kalan, India",Tier 3 & Others
"Mahuva, India",Tier 3 & Others
"Maihar, India",Tier 3 & Others
"Mainpuri, India",Tier 3 & Others
"Makrana, India",Tier 3 & Others
"Mal Bazar, India",Tier 3 & Others
"Malappuram, India",Tier 1&2
"Malapuram, India",Tier 1&2
"Malavalli, India",Tier 3 & Others
"Malda, India",Tier 3 & Others
"Malegaon, India",Tier 1&2
"Malerkotla, India",Tier 3 & Others
"Malhargarh, India",Tier 3 & Others
"Malihabad, India",Tier 3 & Others
"Malikipuram, India",Tier 3 & Others
"Malkangiri, India",Tier 3 & Others
"Malkapur, India",Tier 3 & Others
"Malkera, India",Tier 3 & Others
"Mallasamudram, India",Tier 3 & Others
"Malout, India",Tier 3 & Others
"Malvan, India",Tier 3 & Others
"Man, India",Tier 3 & Others
"Manali, India",Tier 3 & Others
"Manamadurai, India",Tier 3 & Others
"Mananthavady, India",Tier 3 & Others
"Manaparai, India",Tier 3 & Others
"Manavadar, India",Tier 3 & Others
"Manavalakurichi, India",Tier 3 & Others
"Manawar, India",Tier 3 & Others
"Manchar, India",Tier 3 & Others
"Mancherial, India",Tier 3 & Others
"Mandamarri, India",Tier 3 & Others
"Mandapeta, India",Tier 3 & Others
"Mandasur, India",Tier 3 & Others
"Mandawa, India",Tier 3 & Others
"Mandawar, India",Tier 3 & Others
"Mandi Dabwali, India",Tier 3 & Others
"Mandi Gobindgarh, India",Tier 3 & Others
"Mandi R Hasod, India",Tier 3 & Others
"Mandi, India",Tier 3 & Others
"Mandideep, India",Tier 3 & Others
"Mandla, India",Tier 3 & Others
"Mandrem, India",Tier 3 & Others
"Mandsaur, India",Tier 3 & Others
"Mandvi, India",Tier 3 & Others
"Mandya, India",Tier 3 & Others
"Maner, India",Tier 3 & Others
"Maneswar, India",Tier 3 & Others
"Mangalagiri, India",Tier 3 & Others
"Mangaldoi, India",Tier 3 & Others
"Mangalore, India",Tier 1&2
"Mangaon, India",Tier 3 & Others
"Mangrol, India",Tier 3 & Others
"Manipal, India",Tier 3 & Others
"Manjeri, India",Tier 3 & Others
"Manmad, India",Tier 3 & Others
"Mannargudi, India",Tier 3 & Others
"Mansa, India",Tier 3 & Others
"Manthani, India",Tier 3 & Others
"Manuguru, India",Tier 3 & Others
"Manvi, India",Tier 3 & Others
"Manwath, India",Tier 3 & Others
"Mapusa, India",Tier 1&2
"Marandahalli, India",Tier 3 & Others
"Marehra, India",Tier 3 & Others
"Margao, India",Tier 1&2
"Margherita, India",Tier 3 & Others
"Mariahu, India",Tier 3 & Others
"Mariani, India",Tier 3 & Others
"Marigaon, India",Tier 3 & Others
"Markapur, India",Tier 3 & Others
"Marteru, India",Tier 3 & Others
"Marthandam, India",Tier 3 & Others
"Masaurhi, India",Tier 3 & Others
"Maslandapur, India",Tier 3 & Others
"Mathabhanga, India",Tier 3 & Others
"Matheran, India",Tier 3 & Others
"Mathura, India",Tier 3 & Others
"Mau, India",Tier 3 & Others
"Mauganj, India",Tier 3 & Others
"Maur, India",Tier 3 & Others
"Maval, India",Tier 3 & Others
"Mavelikara, India",Tier 3 & Others
"Mawlai, India",Tier 3 & Others
"Mayapur, India",Tier 3 & Others
"Mayiladuthurai, India",Tier 3 & Others
"Maynaguri, India",Tier 3 & Others
"Mecheda, India",Tier 3 & Others
"Medak, India",Tier 3 & Others
"Medarametla, India",Tier 3 & Others
"Medikonduru, India",Tier 3 & Others
"Medinipur, India",Tier 3 & Others
"Meerut, India",Tier 1&2
"Meghnagar, India",Tier 3 & Others
"Meghraj, India",Tier 3 & Others
"Mekliganj, India",Tier 3 & Others
"Melmaruvathur, India",Tier 3 & Others
"Melur, India",Tier 3 & Others
"Memari, India",Tier 3 & Others
"Meppadi, India",Tier 3 & Others
"Meraka Mudidam, India",Tier 3 & Others
"Merta City, India",Tier 3 & Others
"Metpally, India",Tier 3 & Others
"Mettupalayam, India",Tier 3 & Others
"Mettur, India",Tier 3 & Others
"Mhow, India",Tier 3 & Others
"Midnapore, India",Tier 3 & Others
"Milak, India",Tier 3 & Others
"Miraj, India",Tier 3 & Others
"Miryalaguda, India",Tier 3 & Others
"Mirzapur, India",Tier 3 & Others
"Mithapur, India",Tier 3 & Others
"Modasa, India",Tier 3 & Others
"Modinagar, India",Tier 3 & Others
"Moga, India",Tier 3 & Others
"Mogaltur, India",Tier 3 & Others
"Mogra, India",Tier 3 & Others
"Mohali, India",Tier 3 & Others
"Mohanpur, India",Tier 3 & Others
"Mohol, India",Tier 3 & Others
"Moradabad, India",Tier 1&2
"Morbi, India",Tier 3 & Others
"Morena, India",Tier 3 & Others
"Morshi, India",Tier 3 & Others
"Motihari, India",Tier 3 & Others
"Motipur, India",Tier 3 & Others
"Mount Abu, India",Tier 3 & Others
"Movva, India",Tier 3 & Others
"Mowad, India",Tier 3 & Others
"Mubarakpur, India",Tier 3 & Others
"Muddebihal, India",Tier 3 & Others
"Mudgal, India",Tier 3 & Others
"Mudhol, India",Tier 3 & Others
"Mudigere, India",Tier 3 & Others
"Muhamma, India",Tier 3 & Others
"Mukerian, India",Tier 3 & Others
"Mukhed, India",Tier 3 & Others
"Muktsar, India",Tier 3 & Others
"Mukundapuram, India",Tier 3 & Others
"Mul, India",Tier 3 & Others
"Mulbagal, India",Tier 3 & Others
"Mumbai, India",Metro
"Mummidivaram, India",Tier 3 & Others
"Mundakayam, India",Tier 3 & Others
"Mundargi, India",Tier 3 & Others
"Mundra, India",Tier 3 & Others
"Mungaoli, India",Tier 3 & Others
"Munger, India",Tier 3 & Others
"Munnar, India",Tier 3 & Others
"Murbad, India",Tier 3 & Others
"Murgud, India",Tier 3 & Others
"Murliganj, India",Tier 3 & Others
"Murshidabad, India",Tier 3 & Others
"Murud, India",Tier 3 & Others
"Mussoorie, India",Tier 3 & Others
"Muthupet, India",Tier 3 & Others
"Muthur, India",Tier 3 & Others
"Muvattupuzha, India",Tier 3 & Others
"Muzaffarnagar, India",Tier 3 & Others
"Muzaffarpur, India",Tier 3 & Others
"Mydukur, India",Tier 3 & Others
"Mylavaram, India",Tier 3 & Others
"Mysore, India",Tier 1&2
"Nabadwip, India",Tier 3 & Others
"Nabagram, India",Tier 3 & Others
"Nabarangpur, India",Tier 3 & Others
"Nabha, India",Tier 3 & Others
"Nabinagar, India",Tier 3 & Others
"Nadaun, India",Tier 3 & Others
"Nadbai, India",Tier 3 & Others
"Nadendla, India",Tier 3 & Others
"Nadia, India",Tier 3 & Others
"Nadiad, India",Tier 3 & Others
"Nadigaon, India",Tier 3 & Others
"Nagamangala, India",Tier 3 & Others
"Nagaon, India",Tier 3 & Others
"Nagapattinam, India",Tier 3 & Others
"Nagari, India",Tier 3 & Others
"Nagarkurnool, India",Tier 3 & Others
"Nagaur, India",Tier 3 & Others
"Nagda, India",Tier 3 & Others
"Nagercoil, India",Tier 3 & Others
"Nagpur, India",Tier 1&2
"Nahan, India",Tier 3 & Others
"Naharkatia, India",Tier 3 & Others
"Naharlagun, India",Tier 3 & Others
"Naihati, India",Tier 3 & Others
"Nainital, India",Tier 3 & Others
"Najibabad, India",Tier 3 & Others
"Nakhatrana, India",Tier 3 & Others
"Nakodar, India",Tier 3 & Others
"Nalagarh, India",Tier 3 & Others
"Nalbari, India",Tier 3 & Others
"Nalgonda, India",Tier 3 & Others
"Nalhati, India",Tier 3 & Others
"Nalikul, India",Tier 3 & Others
"Nallajerla, India",Tier 3 & Others
"Nallasopara, India",Metro
"Namakkal, India",Tier 3 & Others
"Namchi, India",Tier 3 & Others
"Namrup, India",Tier 3 & Others
"Namsai, India",Tier 3 & Others
"Nandakumar, India",Tier 3 & Others
"Nanded, India",Tier 1&2
"Nandej, India",Tier 3 & Others
"Nandigama, India",Tier 3 & Others
"Nandura, India",Tier 3 & Others
"Nandurbar, India",Tier 3 & Others
"Nandyal, India",Tier 3 & Others
"Nangal, India",Tier 3 & Others
"Nanguneri, India",Tier 3 & Others
"Nanjangud, India",Tier 3 & Others
"Nanpara, India",Tier 3 & Others
"Naraingarh, India",Tier 3 & Others
"Narasannapeta, India",Tier 3 & Others
"Narasaraopet, India",Tier 3 & Others
"Narasimharajapura, India",Tier 3 & Others
"Narasinghpur, India",Tier 3 & Others
"Narayankhed, India",Tier 3 & Others
"Narayanpet, India",Tier 3 & Others
"Narendra Nagar, India",Tier 3 & Others
"Narkatiaganj, India",Tier 3 & Others
"Narnaul, India",Tier 3 & Others
"Narnaund, India",Tier 3 & Others
"Narsampet, India",Tier 3 & Others
"Narsapur, India",Tier 3 & Others
"Narsinghgarh, India",Tier 3 & Others
"Narsinghpur, India",Tier 3 & Others
"Narsipatnam, India",Tier 3 & Others
"Narwana, India",Tier 3 & Others
"Nashik, India",Tier 1&2
"Nasirabad, India",Tier 3 & Others
"Nasra, India",Tier 3 & Others
"Nasrapur, India",Tier 3 & Others
"Nathdwara, India",Tier 3 & Others
"Natibpur, India",Tier 3 & Others
"Navalgund, India",Tier 3 & Others
"Navapur, India",Tier 3 & Others
"Navi Mumbai, India",Metro
"Navsari, India",Tier 3 & Others
"Nawabganj, India",Tier 3 & Others
"Nawada, India",Tier 3 & Others
"Nawalgarh, India",Tier 3 & Others
"Nawanshahr, India",Tier 3 & Others
"Nayagarh, India",Tier 3 & Others
"Neemrana, India",Tier 3 & Others
"Neemuch, India",Tier 3 & Others
"Nellore, India",Tier 1&2
"Neral, India",Tier 3 & Others
"New Delhi, India",Metro
"Neyveli, India",Tier 3 & Others
"Neyyattinkara, India",Tier 3 & Others
"Nidadavole, India",Tier 3 & Others
"Nilambur, India",Tier 3 & Others
"Nilokheri, India",Tier 3 & Others
"Nimbahera, India",Tier 3 & Others
"Niphad, India",Tier 3 & Others
"Nirjuli, India",Tier 3 & Others
"Nirmal, India",Tier 3 & Others
"Nizamabad, India",Tier 3 & Others
"Noamundi, India",Tier 3 & Others
"Noida, India",Metro
"Nokha, India",Tier 3 & Others
"North 24 Parganas, India",Tier 3 & Others
"North Guwahati, India",Tier 3 & Others
"North Lakhimpur, India",Tier 3 & Others
"Nowrozabad, India",Tier 3 & Others
"Nuapatna, India",Tier 3 & Others
"Nuh, India",Tier 3 & Others
"Nuzvid, India",Tier 3 & Others
"Oddanchatram, India",Tier 3 & Others
"Old Goa, India",Tier 1&2
"Olpad, India",Tier 3 & Others
"Ongole, India",Tier 3 & Others
"Ooty, India",Tier 3 & Others
"Orai, India",Tier 3 & Others
"Oras, India",Tier 3 & Others
"Osmanabad, India",Tier 3 & Others
"Ottapalam, India",Tier 3 & Others
"Ozar, India",Tier 3 & Others
"Pachipenta, India",Tier 3 & Others
"Pachora, India",Tier 3 & Others
"Padra, India",Tier 3 & Others
"Padrauna, India",Tier 3 & Others
"Paithan, India",Tier 3 & Others
"Pakala, India",Tier 3 & Others
"Pakaur, India",Tier 3 & Others
"Pala, India",Tier 3 & Others
"Palakkad, India",Tier 3 & Others
"Palakol, India",Tier 3 & Others
"Palakonda, India",Tier 3 & Others
"Palamaner, India",Tier 3 & Others
"Palampur, India",Tier 3 & Others
"Palamu, India",Tier 3 & Others
"Palani, India",Tier 3 & Others
"Palanpur, India",Tier 3 & Others
"Palasa, India",Tier 3 & Others
"Palasbari, India",Tier 3 & Others
"Pale, India",Tier 3 & Others
"Palej, India",Tier 3 & Others
"Palghar, India",Tier 3 & Others
"Pali, India",Tier 3 & Others
"Palitana, India",Tier 3 & Others
"Palladam, India",Tier 3 & Others
"Pallapatti, India",Tier 3 & Others
"Paloncha, India",Tier 3 & Others
"Palus, India",Tier 3 & Others
"Palwal, India",Tier 3 & Others
"Pamarru, India",Tier 3 & Others
"Panagarh, India",Tier 3 & Others
"Panaji, India",Tier 3 & Others
"Panchkula, India",Tier 3 & Others
"Panchla, India",Tier 3 & Others
"Pandalam, India",Tier 3 & Others
"Pandharpur, India",Tier 3 & Others
"Pandua, India",Tier 3 & Others
"Panhala, India",Tier 3 & Others
"Panikoii, India",Tier 3 & Others
"Panipat, India",Tier 3 & Others
"Panjim, India",Tier 1&2
"Panna, India",Tier 3 & Others
"Panruti, India",Tier 3 & Others
"Panskura, India",Tier 3 & Others
"Panvel, India",Metro
"Paonta Sahib, India",Tier 3 & Others
"Papanasam, India",Tier 3 & Others
"Pappireddipatti, India",Tier 3 & Others
"Paradip, India",Tier 3 & Others
"Paralakhemundi, India",Tier 3 & Others
"Paramakudi, India",Tier 3 & Others
"Paramathi, India",Tier 3 & Others
"Paranda, India",Tier 3 & Others
"Paratwada, India",Tier 3 & Others
"Parbhani, India",Tier 3 & Others
"Parkal, India",Tier 3 & Others
"Parli Vai.J, India",Tier 3 & Others
"Parola, India",Tier 3 & Others
"Partur, India",Tier 3 & Others
"Parvathipuram, India",Tier 3 & Others
"Parwanoo, India",Tier 3 & Others
"Paschimi Singhbhum, India",Tier 3 & Others
"Pasighat, India",Tier 3 & Others
"Pasur, India",Tier 3 & Others
"Patan, India",Tier 3 & Others
"Pataudi, India",Tier 3 & Others
"Pathanamthitta, India",Tier 3 & Others
"Pathanapuram, India",Tier 3 & Others
"Pathankot, India",Tier 3 & Others
"Pathapatnam, India",Tier 3 & Others
"Pathardi, India",Tier 3 & Others
"Pathri, India",Tier 3 & Others
"Pathsala, India",Tier 3 & Others
"Patiala, India",Tier 3 & Others
"Patna Sadar, India",Tier 1&2
"Patna, India",Tier 1&2
"Patnagarh, India",Tier 3 & Others
"Pattambi, India",Tier 3 & Others
"Pattamundai, India",Tier 3 & Others
"Patti, India",Tier 3 & Others
"Pattikonda, India",Tier 3 & Others
"Pattukkottai, India",Tier 3 & Others
"Patur, India",Tier 3 & Others
"Pauri, India",Tier 3 & Others
"Pavagada, India",Tier 3 & Others
"Pawai, India",Tier 3 & Others
"Payakaraopeta, India",Tier 3 & Others
"Pedapudi, India",Tier 3 & Others
"Peddapally, India",Tier 3 & Others
"Peddapuram, India",Tier 3 & Others
"Pehowa, India",Tier 3 & Others
"Pen, India",Tier 3 & Others
"Pennadam, India",Tier 3 & Others
"Pennagaram, India",Tier 3 & Others
"Penugonda, India",Tier 3 & Others
"Penukonda, India",Tier 3 & Others
"Peralam, India",Tier 3 & Others
"Perambalur, India",Tier 3 & Others
"Perinthalmanna, India",Tier 3 & Others
"Periyakulam, India",Tier 3 & Others
"Pernambut, India",Tier 3 & Others
"Pernem, India",Tier 3 & Others
"Perumbavoor, India",Tier 3 & Others
"Perundurai, India",Tier 3 & Others
"Petlad, India",Tier 3 & Others
"Phagwara, India",Tier 3 & Others
"Phalodi, India",Tier 3 & Others
"Phaltan, India",Tier 3 & Others
"Phillaur, India",Tier 3 & Others
"Phulbani, India",Tier 3 & Others
"Phusro, India",Tier 3 & Others
"Piduguralla, India",Tier 3 & Others
"Pilani, India",Tier 3 & Others
"Piler, India",Tier 3 & Others
"Pilibhit, India",Tier 3 & Others
"Pinjore, India",Tier 3 & Others
"Pipariya, India",Tier 3 & Others
"Piru, India",Tier 3 & Others
"Pithapuram, India",Tier 3 & Others
"Pithoragarh, India",Tier 3 & Others
"Podalakur, India",Tier 3 & Others
"Podili, India",Tier 3 & Others
"Pokaran, India",Tier 3 & Others
"Poladpur, India",Tier 3 & Others
"Pollachi, India",Tier 3 & Others
"Polur, India",Tier 3 & Others
"Ponda, India",Tier 1&2
"Pondicherry, India",Tier 1&2
"Ponduru, India",Tier 3 & Others
"Ponnani, India",Tier 3 & Others
"Ponneri, India",Tier 3 & Others
"Ponnur, India",Tier 3 & Others
"Poolampatti, India",Tier 3 & Others
"Porbandar, India",Tier 3 & Others
"Porsa, India",Tier 3 & Others
"Port Blair, India",Tier 3 & Others
"Porumamilla, India",Tier 3 & Others
"Porvorim, India",Tier 3 & Others
"Prakasam, India",Tier 3 & Others
"Pratapgarh, India",Tier 3 & Others
"Proddatur, India",Tier 3 & Others
"Pudukkottai, India",Tier 3 & Others
"Pulgaon, India",Tier 3 & Others
"Pulivendula, India",Tier 3 & Others
"Pulpally, India",Tier 3 & Others
"Pulwana, India",Tier 3 & Others
"Pune, India",Metro
"Punganur, India",Tier 3 & Others
"Puri, India",Tier 3 & Others
"Purna, India",Tier 3 & Others
"Purnia, India",Tier 3 & Others
"Purulia, India",Tier 3 & Others
"Puruliya, India",Tier 3 & Others
"Purwa, India",Tier 3 & Others
"Pusad, India",Tier 3 & Others
"Pushkar, India",Tier 3 & Others
"Puthalam, India",Tier 3 & Others
"Puttaparthi, India",Tier 3 & Others
"Puttur, India",Tier 3 & Others
"Quepem, India",Tier 3 & Others
"Quilandy, India",Tier 3 & Others
"Radaur, India",Tier 3 & Others
"Radhapuram, India",Tier 3 & Others
"Rae Bareli, India",Tier 3 & Others
"Rafiganj, India",Tier 3 & Others
"Raghunathganj, India",Tier 3 & Others
"Raghunathpur, India",Tier 3 & Others
"Rahata, India",Tier 3 & Others
"Rahimatpur, India",Tier 3 & Others
"Rahuri, India",Tier 3 & Others
"Raichur, India",Tier 3 & Others
"Raiganj, India",Tier 3 & Others
"Raigarh(Mh), India",Tier 3 & Others
"Raigarh, India",Tier 3 & Others
"Raikot, India",Tier 3 & Others
"Raipur Rani, India",Tier 3 & Others
"Raipur, India",Tier 1&2
"Rairangpur, India",Tier 3 & Others
"Raisen, India",Tier 3 & Others
"Raisinghnagar, India",Tier 3 & Others
"Rajahmundry, India",Tier 3 & Others
"Rajam, India",Tier 3 & Others
"Rajampet, India",Tier 3 & Others
"Rajapalayam, India",Tier 3 & Others
"Rajapur, India",Tier 3 & Others
"Rajgangpur, India",Tier 3 & Others
"Rajgarh(Bia), India",Tier 3 & Others
"Rajgir, India",Tier 3 & Others
"Rajkot, India",Tier 1&2
"Rajmahal, India",Tier 3 & Others
"Rajnandgaon, India",Tier 3 & Others
"Rajpipla, India",Tier 3 & Others
"Rajpur, India",Tier 3 & Others
"Rajpura, India",Tier 3 & Others
"Rajsamand, India",Tier 3 & Others
"Rajula, India",Tier 3 & Others
"Rajura, India",Tier 3 & Others
"Ramachandrapuram, India",Tier 3 & Others
"Ramagundam, India",Tier 3 & Others
"Ramanagaram, India",Tier 3 & Others
"Ramanathapuram, India",Tier 3 & Others
"Ramapuram, India",Tier 3 & Others
"Rameswaram, India",Tier 3 & Others
"Ramgarh, India",Tier 3 & Others
"Ramjibanpur, India",Tier 3 & Others
"Ramnagar, India",Tier 3 & Others
"Rampur, India",Tier 3 & Others
"Rampura Phul, India",Tier 3 & Others
"Rampurhat, India",Tier 3 & Others
"Ramtek, India",Tier 3 & Others
"Ranaghat, India",Tier 3 & Others
"Ranchi, India",Tier 1&2
"Ranebennur, India",Tier 3 & Others
"Ranga Reddy, India",Tier 3 & Others
"Rangapara, India",Tier 3 & Others
"Rangareddy, India",Metro
"Rangia, India",Tier 3 & Others
"Rangpo, India",Tier 3 & Others
"Raniganj, India",Tier 3 & Others
"Ranip, India",Tier 3 & Others
"Ranipet, India",Tier 3 & Others
"Rasipuram, India",Tier 3 & Others
"Ratangarh, India",Tier 3 & Others
"Ratia, India",Tier 3 & Others
"Ratlam, India",Tier 3 & Others
"Ratnagiri, India",Tier 3 & Others
"Raver, India",Tier 3 & Others
"Ravulapalem, India",Tier 3 & Others
"Rawatbhata, India",Tier 3 & Others
"Raxaul, India",Tier 3 & Others
"Rayachoty, India",Tier 3 & Others
"Rayadurg, India",Tier 3 & Others
"Rayagada, India",Tier 3 & Others
"Razole, India",Tier 3 & Others
"Rbl, India",Tier 3 & Others
"Reasi, India",Tier 3 & Others
"Reckong Peo, India",Tier 3 & Others
"Reoti, India",Tier 3 & Others
"Repalle, India",Tier 3 & Others
"Rewa, India",Tier 3 & Others
"Rewari Stn, India",Tier 3 & Others
"Rewari, India",Tier 3 & Others
"Rhenock, India",Tier 3 & Others
"Rishikesh, India",Tier 3 & Others
"Rishra, India",Tier 3 & Others
"Risod, India",Tier 3 & Others
"Robertsganj, India",Tier 3 & Others
"Roha, India",Tier 3 & Others
"Rohtak, India",Tier 3 & Others
"Rompicherla, India",Tier 3 & Others
"Ron, India",Tier 3 & Others
"Roorkee, India",Tier 3 & Others
"Rourkela, India",Tier 1&2
"Rudrapur, India",Tier 3 & Others
"Rupnagar, India",Tier 3 & Others
"Sadabad, India",Tier 3 & Others
"Sadar, India",Tier 3 & Others
"Sadasivpet, India",Tier 3 & Others
"Sadulpur, India",Tier 3 & Others
"Safidon, India",Tier 3 & Others
"Sagar, India",Tier 3 & Others
"Saharanpur, India",Tier 1&2
"Saharsa, India",Tier 3 & Others
"Sahebganj, India",Tier 3 & Others
"Sahibganj, India",Tier 3 & Others
"Sailu, India",Tier 3 & Others
"Sainthia, India",Tier 3 & Others
"Sakleshpur, India",Tier 3 & Others
"Salcete, India",Tier 3 & Others
"Salem, India",Tier 1&2
"Saligao, India",Tier 3 & Others
"Saligram, India",Tier 3 & Others
"Salipur, India",Tier 3 & Others
"Salur, India",Tier 3 & Others
"Samalkha, India",Tier 3 & Others
"Samalkot, India",Tier 3 & Others
"Samana, India",Tier 3 & Others
"Samastipur, India",Tier 3 & Others
"Samathur, India",Tier 3 & Others
"Sambalpur, India",Tier 3 & Others
"Sambhal, India",Tier 3 & Others
"Sanand, India",Tier 3 & Others
"Sanaswadi, India",Tier 3 & Others
"Sandi, India",Tier 3 & Others
"Sandila, India",Tier 3 & Others
"Sandur, India",Tier 3 & Others
"Sangamner, India",Tier 3 & Others
"Sanganer, India",Tier 1&2
"Sangareddy, India",Tier 3 & Others
"Sangaria, India",Tier 3 & Others
"Sangli, India",Tier 1&2
"Sangola, India",Tier 3 & Others
"Sangrur, India",Tier 3 & Others
"Sanguem, India",Tier 3 & Others
"Sankarankovil, India",Tier 3 & Others
"Sankarapuram, India",Tier 3 & Others
"Sankari, India",Tier 3 & Others
"Sankeshwar, India",Tier 3 & Others
"Sankrail, India",Tier 3 & Others
"Sanquelim, India",Tier 3 & Others
"Sant Ravidas Nagar, India",Tier 3 & Others
"Santiniketan, India",Tier 3 & Others
"Santipur, India",Tier 3 & Others
"Santokhgarh, India",Tier 3 & Others
"Santrampur, India",Tier 3 & Others
"Saoner, India",Tier 3 & Others
"Saphale, India",Tier 3 & Others
"Sarai Mir, India",Tier 3 & Others
"Saran, India",Tier 3 & Others
"Sarapaka, India",Tier 3 & Others
"Sardarshahar, India",Tier 3 & Others
"Sardulgarh, India",Tier 3 & Others
"Sarenga, India",Tier 3 & Others
"Sarupathar, India",Tier 3 & Others
"Sasara, India",Tier 3 & Others
"Sasaram, India",Tier 3 & Others
"Saswad, India",Tier 3 & Others
"Satana, India",Tier 3 & Others
"Satara, India",Tier 3 & Others
"Sathankulam, India",Tier 3 & Others
"Sathupally, India",Tier 3 & Others
"Satna, India",Tier 3 & Others
"Sattari, India",Tier 3 & Others
"Sattenapalli, India",Tier 3 & Others
"Sattur, India",Tier 3 & Others
"Saundatti, India",Tier 3 & Others
"Savanur, India",Tier 3 & Others
"Savda, India",Tier 3 & Others
"Savner, India",Tier 3 & Others
"Sawai Madhopur, India",Tier 3 & Others
"Sawantwadi, India",Tier 3 & Others
"Sawer, India",Tier 3 & Others
"Sedam, India",Tier 3 & Others
"Sedapatti, India",Tier 3 & Others
"Sehore, India",Tier 3 & Others
"Seloo, India",Tier 3 & Others
"Sendhwa, India",Tier 3 & Others
"Seoni Malwa, India",Tier 3 & Others
"Seoni, India",Tier 3 & Others
"Seppa, India",Tier 3 & Others
"Serampore, India",Tier 3 & Others
"Shadnagar, India",Tier 3 & Others
"Shahabad, India",Tier 3 & Others
"Shahada, India",Tier 3 & Others
"Shahapur, India",Tier 3 & Others
"Shahdol, India",Tier 3 & Others
"Shahganj, India",Tier 3 & Others
"Shahjahanpur, India",Tier 3 & Others
"Shahkot, India",Tier 3 & Others
"Shahpur, India",Tier 3 & Others
"Shajapur, India",Tier 3 & Others
"Shakti Nagar, India",Tier 3 & Others
"Shaktinagar, India",Tier 3 & Others
"Shamli, India",Tier 3 & Others
"Shankargarh, India",Tier 3 & Others
"Shegaon, India",Tier 3 & Others
"Sheikhpura, India",Tier 3 & Others
"Shencottah, India",Tier 3 & Others
"Sheohar, India",Tier 3 & Others
"Sheopur, India",Tier 3 & Others
"Sheoraphuli, India",Tier 3 & Others
"Shergarh, India",Tier 3 & Others
"Shevgaon, India",Tier 3 & Others
"Shiggaon, India",Tier 3 & Others
"Shillong, India",Tier 3 & Others
"Shimla, India",Tier 3 & Others
"Shimoga, India",Tier 1&2
"Shindkheda, India",Tier 3 & Others
"Shirdi, India",Tier 3 & Others
"Shirhatti, India",Tier 3 & Others
"Shirol, India",Tier 3 & Others
"Shirpur, India",Tier 3 & Others
"Shirur, India",Tier 3 & Others
"Shirwal, India",Tier 3 & Others
"Shivajinagar, India",Tier 3 & Others
"Shivpuri, India",Tier 3 & Others
"Sholapur, India",Tier 1&2
"Sholinghur, India",Tier 3 & Others
"Shopian, India",Tier 3 & Others
"Shorapur, India",Tier 3 & Others
"Shrigonda, India",Tier 3 & Others
"Shrirampur, India",Tier 3 & Others
"Shrivardhan, India",Tier 3 & Others
"Shyamnagar, India",Tier 3 & Others
"Sibsagar, India",Tier 3 & Others
"Siddapur, India",Tier 3 & Others
"Siddharthnagar, India",Tier 3 & Others
"Siddipet, India",Tier 3 & Others
"Sidhi, India",Tier 3 & Others
"Sidhpur, India",Tier 3 & Others
"Sihor, India",Tier 3 & Others
"Sihora, India",Tier 3 & Others
"Sijua, India",Tier 3 & Others
"Sikanderpur, India",Tier 3 & Others
"Sikandrabad, India",Tier 3 & Others
"Sikar, India",Tier 3 & Others
"Silao, India",Tier 3 & Others
"Silapathar, India",Tier 3 & Others
"Silchar, India",Tier 3 & Others
"Siliguri, India",Tier 1&2
"Sillod, India",Tier 3 & Others
"Silvassa, India",Tier 3 & Others
"Sindgi, India",Tier 3 & Others
"Sindhanur, India",Tier 3 & Others
"Sindhnur, India",Tier 3 & Others
"Sindkhed Raja, India",Tier 3 & Others
"Sindri, India",Tier 3 & Others
"Singrauli Colliery, India",Tier 3 & Others
"Singrauli, India",Tier 3 & Others
"Singtam, India",Tier 3 & Others
"Singur, India",Tier 3 & Others
"Sinnar, India",Tier 3 & Others
"Siolim, India",Tier 3 & Others
"Sira, India",Tier 3 & Others
"Sircilla, India",Tier 3 & Others
"Sirhind, India",Tier 3 & Others
"Sirkali, India",Tier 3 & Others
"Sirmaur, India",Tier 3 & Others
"Sirpur Kaghaznagar, India",Tier 3 & Others
"Sirsa, India",Tier 3 & Others
"Sirsi, India",Tier 3 & Others
"Sirumugai, India",Tier 3 & Others
"Sitamarhi, India",Tier 3 & Others
"Sitamau, India",Tier 3 & Others
"Sitapur, India",Tier 3 & Others
"Sivaganga, India",Tier 3 & Others
"Sivagiri, India",Tier 3 & Others
"Sivakasi, India",Tier 3 & Others
"Siwan, India",Tier 3 & Others
"Sohagpur, India",Tier 3 & Others
"Sohna, India",Tier 3 & Others
"Sojat City, India",Tier 3 & Others
"Solan, India",Tier 3 & Others
"Solapur, India",Tier 1&2
"Sompeta, India",Tier 3 & Others
"Somvarpet, India",Tier 3 & Others
"Sonapur, India",Tier 3 & Others
"Sonari, India",Tier 3 & Others
"Sonbhadra, India",Tier 3 & Others
"Sonepur, India",Tier 3 & Others
"Songadh, India",Tier 3 & Others
"Sonipat, India",Tier 3 & Others
"Sopore, India",Tier 3 & Others
"Sorab, India",Tier 3 & Others
"South 24 Parganas, India",Tier 3 & Others
"South Dinajpur, India",Tier 3 & Others
"South Goa, India",Tier 1&2
"Sri Dungargarh, India",Tier 3 & Others
"Sri Ganganagar, India",Tier 1&2
"Srikakulam, India",Tier 3 & Others
"Srikalahasti, India",Tier 3 & Others
"Srinagar, India",Tier 1&2
"Sringeri, India",Tier 3 & Others
"Sriperumbudur, India",Tier 3 & Others
"Sriperumpudur, India",Tier 3 & Others
"Srirangapatna, India",Tier 3 & Others
"Srivaikuntam, India",Tier 3 & Others
"Srivilliputtur, India",Tier 3 & Others
"Suar, India",Tier 3 & Others
"Sujangarh, India",Tier 3 & Others
"Sujanpur, India",Tier 3 & Others
"Suket, India",Tier 3 & Others
"Sullia, India",Tier 3 & Others
"Sultanpur Lodhi, India",Tier 3 & Others
"Sultanpur, India",Tier 3 & Others
"Sulthan Bathery, India",Tier 3 & Others
"Sumerpur, India",Tier 3 & Others
"Sunabeda, India",Tier 3 & Others
"Sunam, India",Tier 3 & Others
"Sundarapandiam, India",Tier 3 & Others
"Sundargarh, India",Tier 3 & Others
"Sundergarh, India",Tier 3 & Others
"Sundernagar, India",Tier 3 & Others
"Supaul, India",Tier 3 & Others
"Surajgarh, India",Tier 3 & Others
"Surajpur, India",Tier 3 & Others
"Surandai, India",Tier 3 & Others
"Surat, India",Tier 1&2
"Suratgarh, India",Tier 3 & Others
"Surendranagar, India",Tier 3 & Others
"Surgana, India",Tier 3 & Others
"Suri, India",Tier 3 & Others
"Suriyawan, India",Tier 3 & Others
"Suryapet, India",Tier 3 & Others
"Swaimadhopur, India",Tier 3 & Others
"T.Narasapuram, India",Tier 3 & Others
"Tada, India",Tier 3 & Others
"Tadepalligudem, India",Tier 3 & Others
"Tadipatri, India",Tier 3 & Others
"Taki, India",Tier 3 & Others
"Talcher, India",Tier 3 & Others
"Taliparamba, India",Tier 3 & Others
"Tambaram, India",Tier 3 & Others
"Tamluk, India",Tier 3 & Others
"Tanda, India",Tier 3 & Others
"Tangla, India",Tier 3 & Others
"Tanuku, India",Tier 3 & Others
"Tapi, India",Tier 3 & Others
"Tarakeswar, India",Tier 3 & Others
"Tarapur, India",Tier 3 & Others
"Tarikere, India",Tier 3 & Others
"Tarn Taran, India",Tier 3 & Others
"Tasgaon, India",Tier 3 & Others
"Tekanpur, India",Tier 3 & Others
"Tekari, India",Tier 3 & Others
"Tekkali, India",Tier 3 & Others
"Telhara, India",Tier 3 & Others
"Tenali, India",Tier 3 & Others
"Tenkasi, India",Tier 3 & Others
"Terdal, India",Tier 3 & Others
"Tezpur, India",Tier 3 & Others
"Thalapilly, India",Tier 3 & Others
"Thalasery, India",Tier 3 & Others
"Thalassery, India",Tier 3 & Others
"Thammampatti, India",Tier 3 & Others
"Thane, India",Metro
"Thanesa, India",Tier 3 & Others
"Thangadh, India",Tier 3 & Others
"Thanjavur, India",Tier 3 & Others
"Tharad, India",Tier 3 & Others
"The Dangs, India",Tier 3 & Others
"Theni, India",Tier 3 & Others
"Thirthahalli, India",Tier 3 & Others
"Thirumayam, India",Tier 3 & Others
"Thiruthuraipoondi, India",Tier 3 & Others
"Thiruvarur, India",Tier 3 & Others
"Thodupuzha, India",Tier 3 & Others
"Thorrur, India",Tier 3 & Others
"Thoubal, India",Tier 3 & Others
"Thrissur, India",Tier 1&2
"Thuraiyur, India",Tier 3 & Others
"Thuthipattu, India",Tier 3 & Others
"Tihu, India",Tier 3 & Others
"Tikamgarh, India",Tier 3 & Others
"Tindivanam, India",Tier 3 & Others
"Tinsukia, India",Tier 3 & Others
"Tiptur, India",Tier 3 & Others
"Tirora, India",Tier 3 & Others
"Tiruchendur, India",Tier 3 & Others
"Tiruchengode, India",Tier 3 & Others
"Tiruchirappalli, India",Tier 1&2
"Tirukkoyilur, India",Tier 3 & Others
"Tirumangalam, India",Tier 3 & Others
"Tirunelveli, India",Tier 3 & Others
"Tirupati, India",Tier 3 & Others
"Tiruppattur, India",Tier 3 & Others
"Tirupur, India",Tier 1&2
"Tirur, India",Tier 3 & Others
"Tirurangadi, India",Tier 3 & Others
"Tiruttani, India",Tier 3 & Others
"Tiruvalla, India",Tier 3 & Others
"Tiruvallur, India",Tier 3 & Others
"Tiruvannamalai, India",Tier 3 & Others
"Tiruvuru, India",Tier 3 & Others
"Tiswadi, India",Tier 3 & Others
"Titilagarh, India",Tier 3 & Others
"Tittagudi, India",Tier 3 & Others
"Tohana, India",Tier 3 & Others
"Tonk, India",Tier 3 & Others
"Topchanchi, India",Tier 3 & Others
"Tribeni, India",Tier 3 & Others
"Trichy, India",Tier 1&2
"Trimbak, India",Tier 3 & Others
"Trivandrum, India",Tier 1&2
"Tuljapur, India",Tier 3 & Others
"Tumkur, India",Tier 3 & Others
"Tumsar, India",Tier 3 & Others
"Tundla, India",Tier 3 & Others
"Tuni, India",Tier 3 & Others
"Tura, India",Tier 3 & Others
"Turuvekere, India",Tier 3 & Others
"Tuticorin, India",Tier 3 & Others
"Udaipur, India",Tier 3 & Others
"Udala, India",Tier 3 & Others
"Udalguri, India",Tier 3 & Others
"Udgir, India",Tier 3 & Others
"Udham Singh Nagar, India",Tier 3 & Others
"Udhampur, India",Tier 3 & Others
"Udumalpet, India",Tier 3 & Others
"Udumbanchola, India",Tier 3 & Others
"Udupi, India",Tier 3 & Others
"Ujjain, India",Tier 1&2
"Ulhasnagar, India",Tier 3 & Others
"Uluberia, India",Tier 3 & Others
"Ulundurpet, India",Tier 3 & Others
"Umaria, India",Tier 3 & Others
"Umbergaon, India",Tier 3 & Others
"Umerkhed, India",Tier 3 & Others
"Un, India",Tier 3 & Others
"Una, India",Tier 3 & Others
"Uniara, India",Tier 3 & Others
"Unnao, India",Tier 3 & Others
"Uran Islampur, India",Tier 3 & Others
"Uran, India",Tier 3 & Others
"Uravakonda, India",Tier 3 & Others
"Uthagamandalam, India",Tier 3 & Others
"Uthamapalayam, India",Tier 3 & Others
"Uthiramerur, India",Tier 3 & Others
"Uthukottai, India",Tier 3 & Others
"Uttara Kannada, India",Tier 3 & Others
"Uttarpara, India",Tier 3 & Others
"Vadakara, India",Tier 3 & Others
"Vadipatti, India",Tier 3 & Others
"Vadodara, India",Tier 1&2
"Vaijapur, India",Tier 3 & Others
"Vaikom, India",Tier 3 & Others
"Vaishali, India",Tier 3 & Others
"Valpoi, India",Tier 3 & Others
"Valsad, India",Tier 3 & Others
"Valva, India",Tier 3 & Others
"Vandavasi, India",Tier 3 & Others
"Vaniyambadi, India",Tier 3 & Others
"Vapi, India",Tier 3 & Others
"Varanasi, India",Tier 1&2
"Varkala, India",Tier 3 & Others
"Vasai, India",Metro
"Vasco, India",Tier 3 & Others
"Vedaranyam, India",Tier 3 & Others
"Vedasandur, India",Tier 3 & Others
"Veeravasaram, India",Tier 3 & Others
"Veldurthy, India",Tier 3 & Others
"Vellakoil, India",Tier 3 & Others
"Vellore, India",Tier 3 & Others
"Velur, India",Tier 3 & Others
"Vemulawada, India",Tier 3 & Others
"Vengurla, India",Tier 3 & Others
"Veppanthattai, India",Tier 3 & Others
"Veraval, India",Tier 3 & Others
"Vettaikaranpudur, India",Tier 3 & Others
"Vettavalam, India",Tier 3 & Others
"Vidisha, India",Tier 3 & Others
"Vijapur, India",Tier 3 & Others
"Vijayapura, India",Tier 3 & Others
"Vijayawada, India",Tier 1&2
"Vilathikulam, India",Tier 3 & Others
"Vilavancode, India",Tier 3 & Others
"Villukuri, India",Tier 3 & Others
"Villupuram, India",Tier 3 & Others
"Viluppuram, India",Tier 3 & Others
"Vinjamur, India",Tier 3 & Others
"Vinukonda, India",Tier 3 & Others
"Virajpet, India",Tier 3 & Others
"Viramgam, India",Tier 3 & Others
"Virar, India",Metro
"Virudhunagar, India",Tier 3 & Others
"Vishakhapatnam, India",Tier 1&2
"Visnagar, India",Tier 3 & Others
"Vissannapeta, India",Tier 3 & Others
"Vita, India",Tier 3 & Others
"Vizianagaram, India",Tier 3 & Others
"Vriddhachalam, India",Tier 3 & Others
"Vuyyuru, India",Tier 3 & Others
"Vyara, India",Tier 3 & Others
"W26, India",Tier 3 & Others
"Wada, India",Tier 3 & Others
"Wadi, India",Tier 3 & Others
"Wai, India",Tier 3 & Others
"Wanaparthy, India",Tier 3 & Others
"Wani, India",Tier 3 & Others
"Wankaner, India",Tier 3 & Others
"Warananagar, India",Tier 3 & Others
"Warangal, India",Tier 1&2
"Wardha, India",Tier 3 & Others
"Warisaliganj, India",Tier 3 & Others
"Warora, India",Tier 3 & Others
"Warud, India",Tier 3 & Others
"Washim, India",Tier 3 & Others
"Wayanad, India",Tier 3 & Others
"Weir, India",Tier 3 & Others
"Wellington, India",Tier 3 & Others
"West Dinajpur, India",Tier 3 & Others
"West Garo Hills, India",Tier 3 & Others
"West Godavari, India",Tier 3 & Others
"West Midnapore, India",Tier 3 & Others
"Wyra, India",Tier 3 & Others
"Yadgir, India",Tier 3 & Others
"Yamunanagar, India",Tier 3 & Others
"Yanam, India",Tier 3 & Others
"Yavatmal, India",Tier 3 & Others
"Yeditha, India",Tier 3 & Others
"Yelandur, India",Tier 3 & Others
"Yeleswaram, India",Tier 3 & Others
"Yellandu, India",
"Yemmiganur, India",Tier 3 & Others
"Yeola, India",Tier 3 & Others
"Yeotamal, India",Tier 3 & Others
"Yerragondapalem, India",Tier 3 & Others
"Yerraguntla, India",Tier 3 & Others
"Zaheerabad, India",Tier 3 & Others
"Zirakpur, India",Tier 3 & Others
"Zuarinagar, India",Tier 3 & Others
